{"loss":
[15.521366119384766,
11.911745071411133,
10.001626968383789,
9.066927909851074,
8.251237869262695,
7.714454650878906,
7.405592441558838,
6.98183012008667,
6.713568210601807,
6.444877624511719,
6.128918647766113,
5.870940685272217,
5.711061477661133,
5.39495849609375,
5.24617862701416,
5.021829128265381,
4.8622050285339355,
4.708022594451904,
4.628276348114014,
4.47042989730835,
4.397821426391602,
4.257498741149902,
4.117223262786865,
4.013147830963135,
4.014179229736328],

"accuracy": 
[0.048231735825538635,
0.03923222795128822,
0.026998523622751236,
0.022076917812228203,
0.01884271949529648,
0.01785839907824993,
0.018209941685199738,
0.020319201052188873,
0.017506854608654976,
0.017647473141551018,
0.018209941685199738,
0.01708500273525715,
0.021584756672382355,
0.02067074365913868,
0.038740068674087524,
0.042255502194166183,
0.04436476156115532,
0.04457568749785423,
0.045841243118047714,
0.04577093571424484,
0.04577093571424484,
0.04605216905474663,
0.04570062458515167,
0.04577093571424484,
0.04548969864845276],

 "epoch": [0, 1, 2, 3, 4, 5, 6, 7, 8, 9, 10, 11, 12, 13, 14, 15, 16, 17, 18, 19, 20, 21, 22, 23, 24]}