Set,Loss,Accuracy
Training,3.4130144119262695,0.04738803207874298
Validation,7.01741361618042,0.045981861650943756
Test,6.954902172088623,0.045349083840847015
